化外猩覺,『終末之塔』第9層
虛空妖龍,『終末之塔』第9層
百虛操偶,『終末之塔』第99層
虛念頭陀,『終末之塔』第99層
四腳魔像,『終末之塔』第97層
星墜重隕,『終末之塔』第97層
四腳魔像,『終末之塔』第96層
怨咒靈車,『終末之塔』第96層
百劫屠者,『終末之塔』第94層
鬼雷驚爪,『終末之塔』第94層
星淵潛狂,『終末之塔』第93層
百劫屠者,『終末之塔』第93層
幽閉怒獸,『終末之塔』第91、92層
星淵潛狂,『終末之塔』第91、92層
天慧爆錘,『終末之塔』第8層
虛空妖龍,『終末之塔』第8層
瘡痍行者,『終末之塔』第89層
禍患造者,『終末之塔』第89層
國破兇卒,『終末之塔』第88層
禍患造者,『終末之塔』第88層
危盪弄臣,『終末之塔』第87層
國破兇卒,『終末之塔』第87層
虛空主宰遊影,『終末之塔』第87層
危盪弄臣,『終末之塔』第86層
失序亂兵,『終末之塔』第86層
倒懸心魔,『終末之塔』第85層
失序亂兵,『終末之塔』第85層
倒懸心魔,『終末之塔』第84層
虛滅石龍陣,『終末之塔』第84層
虛滅金龍陣,『終末之塔』第84層
虛滅銀龍陣,『終末之塔』第84層
迷竅幻鬼,『終末之塔』第84層
生非識邪,『終末之塔』第83層
迷竅幻鬼,『終末之塔』第83層
造亂思魅,『終末之塔』第81層
一杖虛導,『終末之塔』第79層
八顛虛兇,『終末之塔』第79層
虛空主宰分靈,『終末之塔』第72、73、74層
森羅冷指,『終末之塔』第6層
負罪劈徒,『終末之塔』第6層
九毒相柳,『終末之塔』第69層
諸肢惡樓,『終末之塔』第69層
壯脂鑿齒,『終末之塔』第67層
怒裂睚眥,『終末之塔』第67層
怒裂睚眥,『終末之塔』第66層
無序燭陰,『終末之塔』第66層
暴拳狌狌,『終末之塔』第64層
碎魂金鬼,『終末之塔』第64層
咒殺修陀,『終末之塔』第62層
砌塔石奴,『終末之塔』第62層
砌塔石奴,『終末之塔』第61層
森羅冷指,『終末之塔』第5層
魔極四叉,『終末之塔』第5層
喚虛女巫,『終末之塔』第59層
神柱虛祭,『終末之塔』第59層
喚虛女巫,『終末之塔』第58層
霸虛雄獅,『終末之塔』第58層
柱末腐豚,『終末之塔』第57層
霸虛雄獅,『終末之塔』第57層
柱末腐豚,『終末之塔』第56層
護柱血爪,『終末之塔』第56層
尼絡狂鱷,『終末之塔』第55層
護柱血爪,『終末之塔』第55層
尼絡暴獸,『終末之塔』第54層
尼絡狂鱷,『終末之塔』第54層
尼絡暴獸,『終末之塔』第53層
艾濟原人,『終末之塔』第53層
艾濟原人,『終末之塔』第52層
虛無十字軍,『終末之塔』第52層
虛無十字軍,『終末之塔』第51層
虛無真知士,『終末之塔』第51層
挑羊點尖,『終末之塔』第49層
畫蛇似蛟,『終末之塔』第49層
白金之猩,『終末之塔』第45層
窮兇極鱷,『終末之塔』第45層
王谷兵蜂,『終末之塔』第44層
白金之猩,『終末之塔』第44層
峽谷矮靈,『終末之塔』第42層
金奇電鼠,『終末之塔』第42層
峽谷矮靈,『終末之塔』第41層
沙野夜叉,『終末之塔』第41層
終塔衛將,『終末之塔』第3層
雙雷轟手,『終末之塔』第3層
墟漠矮靈,『終末之塔』第39層
枯血鬼爪,『終末之塔』第39層
枯血鬼爪,『終末之塔』第38層
驚奇機棺,『終末之塔』第38層
終末邪龍鎮,『終末之塔』第37層
虛海獵叉,『終末之塔』第37層
驚奇機棺,『終末之塔』第37層
招靈巫祀,『終末之塔』第34層
無旌戰狼,『終末之塔』第34層
怒咆穢猿,『終末之塔』第32層
萬金錘蜴,『終末之塔』第32層
怒咆穢猿,『終末之塔』第31層
瞠目兇首,『終末之塔』第31層
冥燈慘爪,『終末之塔』第2層
終塔衛將,『終末之塔』第2層
菌侵甲鬼,『終末之塔』第29層
赤潮王叉,『終末之塔』第29層
兇殘之手,『終末之塔』第28層
菌侵甲鬼,『終末之塔』第28層
危城巨猩,『終末之塔』第25層
大滅霸,『終末之塔』第25層
危城巨猩,『終末之塔』第24層
終末邪龍鎮,『終末之塔』第24層
魔空邪祀,『終末之塔』第24層
旋幽虛靈,『終末之塔』第21層
昇塔赤靈,『終末之塔』第21層
切割者,『終末之塔』第19層
血腥者,『終末之塔』第19層
血腥者,『終末之塔』第18層
黑霾獸,『終末之塔』第18層
防攻鐵獅,『終末之塔』第17層
防術晶人,『終末之塔』第17層
碎骨者,『終末之塔』第15層
虛潛獸,『終末之塔』第15層
冷血者,『終末之塔』第14層
虛潛獸,『終末之塔』第14層
卜虛盲巫,『終末之塔』第138層
衛塔戰偶,『終末之塔』第138層
紫啼童魚,『終末之塔』第134層
迷航探偵機,『終末之塔』第134層
紫啼童魚,『終末之塔』第132層
咒殼蠕蝸,『終末之塔』第131層
鋼皮巨犀,『終末之塔』第131層
咒殼蠕蝸,『終末之塔』第131、135、137、139層
鋼皮巨犀,『終末之塔』第131、135、137、139層
九廢金剛,『終末之塔』第129層
八敗命陀,『終末之塔』第128層
七災鬼侯,『終末之塔』第127層
佈霾幽蛾,『終末之塔』第125層
怪物大王,『終末之塔』第124層
殺意魔眼,『終末之塔』第122層
劫掠布盜,『終末之塔』第121層
惡行犯,『終末之塔』第11層
虐殺犯,『終末之塔』第11層
淪劫徊者,『終末之塔』第119層
淪劫迷者,『終末之塔』第119層
淪劫尸骨,『終末之塔』第118層
淪劫迷者,『終末之塔』第118層
歐印白狐,『終末之塔』第117層
淪劫尸骨,『終末之塔』第117層
咒命夕鶴,『終末之塔』第115層
秩騷謎兔,『終末之塔』第115層
咒命夕鶴,『終末之塔』第114層
魔幻蜘蛛,『終末之塔』第114層
冥蔘化妖,『終末之塔』第112層
自走幽藤,『終末之塔』第112層
冥蔘化妖,『終末之塔』第111層
兆嗔惡靈,『終末之塔』第109層
斬塔罪刀,『終末之塔』第109層
兆嗔惡靈,『終末之塔』第108層
扞河龐蟹,『終末之塔』第108層
扞河龐蟹,『終末之塔』第107層
沉池鑿蝦,『終末之塔』第107層
啼血哀鳳,『終末之塔』第105層
終塔妖狐,『終末之塔』第105層
啼血哀鳳,『終末之塔』第104層
幻殺修羅,『終末之塔』第104層
吞虛兇鱷,『終末之塔』第102層
猛爆毒麟,『終末之塔』第102層
猛爆毒麟,『終末之塔』第101層
裂變鬼兵,『終末之塔』第101層
虛典壞相,終末之塔【第9層】守關者
操炎赤靈王,終末之塔【第99層】守關者
虛還武典化靈,終末之塔【第96層】守關者
百層捍衛者,終末之塔【第93層】守關者
亡國之紫‧九尾,終末之塔【第90層】守關者
輾州魔軍司,終末之塔【第89層】守關者
仇燄魔翼龍,終末之塔【第86層】守關者
忌天魔將像,終末之塔【第83層】守關者
冥還黑后,終末之塔【第80層】守關者
末法如座,終末之塔【第7層】守關者
金字塔殉司,終末之塔【第79層】守關者
冥河黑門將,終末之塔【第75層】守關者
冥河緝獵手,終末之塔【第71層】守關者
再生黑后,終末之塔【第70層】守關者
衛皇巨劍神座,終末之塔【第69層】守關者
衛皇人面獅身,終末之塔【第66層】守關者
衛皇凶赦殘豹,終末之塔【第63層】守關者
終劫阿努比斯,終末之塔【第60層】守關者
虛龍‧阿佩普,終末之塔【第59層】守關者
虛座‧塞拉比斯,終末之塔【第56層】守關者
虛統‧賽特,終末之塔【第53層】守關者
咒君拉美西斯,終末之塔【第50層】守關者
泳虛虢漁,終末之塔【第4層】守關者
王谷書藏司,終末之塔【第49層】守關者
王谷獸騎守,終末之塔【第46層】守關者
王谷聖蜂守,終末之塔【第43層】守關者
赤城武烈君,終末之塔【第40層】守關者
禍星虛天監,終末之塔【第39層】守關者
瘴崩山牛冥,終末之塔【第36層】守關者
黑獄破城象,終末之塔【第33層】守關者
西楚霸幻王,終末之塔【第30層】守關者
虛空神燹鳳麒,終末之塔【第29層】守關者
虛空神凜冰麒,終末之塔【第26層】守關者
虛空魔鴆毒麒,終末之塔【第23層】守關者
三界壞滅尊,終末之塔【第20層】守關者
鬼典論史,終末之塔【第1層】守關者
妄義負官,終末之塔【第19層】守關者
燭懨獄鰲龍,終末之塔【第170層】守關者
雙天兇狂,終末之塔【第16層】守關者
魔梵鬼統主,終末之塔【第169層】守關者
六宇寰魔見,終末之塔【第166層】守關者
太淵獵魂將,終末之塔【第163層】守關者
硫炎咒魔殼,終末之塔【第161層】守關者
星沉鋼翼虎,終末之塔【第160層】守關者
赤目總司令,終末之塔【第159層】守關者
瓦沼翼蛇神,終末之塔【第156層】守關者
泥侏大酋長,終末之塔【第153層】守關者
陰間大法師,終末之塔【第150層】守關者
葫蔓幽咒王,終末之塔【第149層】守關者
宇外兇鬥士,終末之塔【第146層】守關者
褪殼白飛黽,終末之塔【第143層】守關者
虛空幻熊主,終末之塔【第140層】守關者
蠍心邪后,終末之塔【第13層】守關者
無方冥念王,終末之塔【第139層】守關者
虛浮穿耳龍,終末之塔【第136層】守關者
空泛蝕心苞,終末之塔【第133層】守關者
黑殃劫羽．黔,終末之塔【第130層】守關者
悽璽凍靈王,終末之塔【第129層】守關者
翻江裂地鮫,終末之塔【第126層】守關者
負荊紫甲龍,終末之塔【第123層】守關者
無影．飛燕后,終末之塔【第120層】守關者
殛端電靈王,終末之塔【第119層】守關者
萬牲聚魂偶,終末之塔【第116層】守關者
猛毒共生體,終末之塔【第113層】守關者
橫世暴君．紂,終末之塔【第110層】守關者
星宇諸滅者,終末之塔【第10層】守關者
操毒鴆靈王,終末之塔【第109層】守關者
阿樊怛Ⅱ,終末之塔【第106層】守關者
阿樊怛,終末之塔【第103層】守關者
百朝虛霸．始皇帝,終末之塔【第100層】守關者
<九霄英衛>,【修羅級】『九宵天樓』第一層
<傲慢之魔>,【修羅級】『神臨之地』第二層 ( 左邊 )
<剎風真帝靈>,【修羅級】『飛昇大廳』第三層
<原罪十字軍>,【修羅級】『神臨之地』第一、二、三層
<四聖位化神>,【修羅級】『飛昇大廳』第四層
<四象晶鎖>,【修羅級】『飛昇大廳』第四層
<地獄狂獅王>,【修羅級】『神臨之地』第二層 ( 右邊 )
<地獄蜥蜴人>,【修羅級】『神臨之地』第二層 ( 右邊 )
<地獄鷹身女>,【修羅級】『神臨之地』第二層 ( 右邊 )
<墮簾月牙妖>,【修羅級】『九宵天樓』第二層
<天樓龍驍將>,【修羅級】『九宵天樓』第三層
<天龍驃龍神>,【修羅級】『九宵天樓』第三層
<幻滅巨龍>,【修羅級】『神臨之地』第三層
<幻魔‧海蛇>,【修羅級】『神臨之地』第一層
<幻魔‧火鐮>,【修羅級】『神臨之地』第一層
<彪虎古戰神>,【修羅級】『飛昇大廳』第一、二、三層
<查拉欽>,【修羅級】『飛昇大廳』頂樓
<無限之土>,『飛昇大廳』第三層
<無限之水>,『飛昇大廳』第二層
<無限之火>,『飛昇大廳』第二層
<無限之風>,『飛昇大廳』第三層
<煉獄淑女>,【修羅級】『神臨之地』第一、二、三層
<熾火真帝靈>,【修羅級】『飛昇大廳』第二、三層
<狂怒之魔>,【修羅級】『神臨之地』第二層 ( 左邊 )
<真‧檮杌>,【修羅級】『九宵天樓』第三層
<真‧混沌>,【修羅級】『九宵天樓』第三層
<真‧窮奇>,【修羅級】『九宵天樓』第三層
<真‧饕餮>,【修羅級】『九宵天樓』第三層
<真知四聖武皇>,【修羅級】『飛昇大廳』頂層
<真知太聖衛>,【修羅級】『飛昇大廳』第一、二層
<神御輝鎧駝>,【修羅級】『飛昇大廳』第一、二層
<米諾陶勒斯>,【修羅級】『神臨之地』第一、二、三層
<紫兇豬魂>,【修羅級】『九宵天樓』第二層
<終末巨龍>,【修羅級】『神臨之地』第三層
<聖帝君士坦汀>,【修羅級】『神臨之地』第一層
<荒水真帝靈>,【修羅級】『飛昇大廳』第二、三層
<蒼真劍聖>,【修羅級】『九宵天樓』第一層
<裂土真帝靈>,【修羅級】『飛昇大廳』第三層
<貪慾之魔>,【修羅級】『神臨之地』第二層 ( 左邊 )
<赤怒豬妖>,【修羅級】『九宵天樓』第二層
<迴天九翼蝶>,【修羅級】『九宵天樓』第三層
<金冑聖象衛>,【修羅級】『飛昇大廳』第三層
<錦袍仙丞>,【修羅級】『九宵天樓』第三層
<雲蛟巨將>,【修羅級】『九宵天樓』第三層
<青面豬妖>,【修羅級】『九宵天樓』第二層
<鬥戰聖徒孫>,【修羅級】『九宵天樓』第二層
不死亡僧,『神煉之間』第一區域
九天邪觀,『天戮魔殿』第一層
九華神曜龍,『天授之間』第四層 
九霄英衛,【一般級】『九宵天樓』第一層
傲慢之魔,【一般級】『神臨之地』第二層 ( 左邊 )
再造濕婆,『森羅閻殿』第三層
剎風真帝靈,【一般級】『飛昇大廳』第三層
劍山牛魔神,『天戮魔殿』第二層、第三層 (右邊)
化屍大魔棺,『森羅閻殿』第一層
十地魔見,『天戮魔殿』第一層
十獄殿主,『森羅閻殿』第一層 ( 右邊 )
原罪十字軍,【一般級】『神臨之地』第一、二、三層
四聖位化神,【一般級】『飛昇大廳』第四層
四象晶鎖,【一般級】『飛昇大廳』第四層
地斗大元帥,『天戮魔殿』第二層、第三層 (左邊)
地獄狂獅王,【一般級】『神臨之地』第二層 ( 右邊 )
地獄蜥蜴人,【一般級】『神臨之地』第二層 ( 右邊 )
地獄鷹身女,【一般級】『神臨之地』第二層 ( 右邊 )
報喪七王爺,『森羅閻殿』第二層 ( 右邊 )
墮簾月牙妖,【一般級】『九宵天樓』第二層
大仁波切聖魂,『天授之間』第四層
天樓龍驍將,【一般級】『九宵天樓』第三層
天鬼神羅奢薩,『神煉之間』第三區域
天龍驃龍神,【一般級】『九宵天樓』第三層
奪魄黑死將,『天戮魔殿』第二層、第三層 (左邊)
守嶽霜帝,『天授之間』第四層 (「大仁波切聖魂 」召喚 )
幻滅巨龍,【一般級】『神臨之地』第三層
幻魔‧海蛇,【一般級】『神臨之地』第一層
幻魔‧火鐮,【一般級】『神臨之地』第一層
弔靈八王爺,『森羅閻殿』第二層 ( 左邊 )
彪虎古戰神,【一般級】『飛昇大廳』第一、二、三層
御天七彩牛,『天授之間』第一層、第三層
御獅大將軍,『森羅閻殿』第三層
怒心梵鬼,『神煉之間』第一區域
掠魂白死將,『天戮魔殿』第二層、第三層 (左邊)
查拉欽,【一般級】『飛昇大廳』頂樓
梵邪射手,『神煉之間』第一區域
梵邪戰士,『神煉之間』第一區域
森羅大殿主,『天戮魔殿』第二層、第三層 (右邊)
毀天魎王,『天戮魔殿』第二層、第三層 (右邊)
滅世非我,『天戮魔殿』第二層、第三層 (右邊)
無界閻羅邪元,『天戮魔殿』第二層、第三層 (右邊)
無限之土,『飛昇大廳』第三層
無限之水,『飛昇大廳』第二層
無限之火,『飛昇大廳』第二層
無限之風,『飛昇大廳』第三層
煉獄淑女,【一般級】『神臨之地』第一、二、三層
煉獄邪眼,『森羅閻殿』第一層
煉獄邪神,『森羅閻殿』第三層
熾火真帝靈,【一般級】『飛昇大廳』第二、三層
狂怒之魔,【一般級】『神臨之地』第二層 ( 左邊 )
生死一權宰,『天戮魔殿』第一層
真‧檮杌,【一般級】『九宵天樓』第三層
真‧混沌,【一般級】『九宵天樓』第三層
真‧窮奇,【一般級】『九宵天樓』第三層
真‧饕餮,【一般級】『九宵天樓』第三層
真知太聖衛,【一般級】『飛昇大廳』第一、二層
碎峰大梵鬼,『神煉之間』第二、三區域
神御輝鎧駝,【一般級】『飛昇大廳』第一、二層
祭邪大魔牛,『神煉之間』第二、三區域
米諾陶勒斯,【一般級】『神臨之地』第一、二、三層
紫兇豬魂,【一般級】『九宵天樓』第二層
終末巨龍,【一般級】『神臨之地』第三層
絕邪皇蠻,『神煉之間』第二、三區域
聖帝君士坦汀,【一般級】『神臨之地』第一層
荒水真帝靈,【一般級】『飛昇大廳』第二、三層
蒼真劍聖,【一般級】『九宵天樓』第一層
血河馬魔神,『天戮魔殿』第二層、第三層 (右邊)
衝天馬魔將,『森羅閻殿』第三層
裂土真帝靈,【一般級】『飛昇大廳』第三層
貪慾之魔,【一般級】『神臨之地』第二層 ( 左邊 )
赤怒豬妖,【一般級】『九宵天樓』第二層
超生化骸,『神煉之間』第二、三區域
轉僧影,『天授之間』第二層
轉劍影,『天授之間』第二層
轉勇影,『天授之間』第二層
轉女僧影,『天授之間』第二層
轉女劍影,『天授之間』第二層
轉女勇影,『天授之間』第二層
轉女術影,『天授之間』第二層
轉女道影,『天授之間』第二層
轉術影,『天授之間』第二層
轉道影,『天授之間』第二層
迴天九翼蝶,【一般級】『九宵天樓』第三層
邪冥祭師,『神煉之間』第一區域
邪冰祭師,『神煉之間』第一區域
邪火祭師,『神煉之間』第一區域
邪雷祭師,『神煉之間』第一區域
金冑聖象衛,【一般級】『飛昇大廳』第三層
金剛仁波切,『天授之間』第一層、第三層
金穹蒼龍,『天授之間』第一層、第三層
錦袍仙丞,【一般級】『九宵天樓』第三層
鎮魂獅神將,『天戮魔殿』第一層
開山牛魔將,『森羅閻殿』第三層
闇天九龍蛇,『神煉之間』第一區域
闇心滅宗,『神煉之間』第二、三區域
雲蛟巨將,【一般級】『九宵天樓』第三層
雷吼聖將,『天授之間』第一層、第三層
震岳魔囂,『神煉之間』第一區域
青面豬妖,【一般級】『九宵天樓』第二層
鬥戰聖徒孫,【一般級】『九宵天樓』第二層
鬼界大棺王,『天戮魔殿』第一層
魔蠹屍龍,『神煉之間』第二、三區域
黃泉大元帥,『森羅閻殿』第一層、第二層 ( 左、右邊 )
龍磐帝蠻,『天授之間』第一層、第三層
[千年樹精],千佛遺跡東側
[叢林野象],千佛遺跡西側
[巨錘猴精],千佛遺跡東側、千佛遺跡西側
[拔山象妖],摩羅國境、菩提聖原
[沼地巨蛇],千佛遺跡東側、千佛遺跡西側
三霸象皇,濕婆神廟(第二層)
九首邪蟒,濕婆神廟(第一層、第二層)
千年樹精,千佛遺跡東側
千手妖姬,濕婆神廟(第一層)
南蠻女戰士,千佛遺跡西側、摩羅國境
南蠻狂戰士,千佛遺跡東側、千佛遺跡西側、摩羅國境
叢林毒蠍,千佛遺跡東側
叢林猛虎,千佛遺跡東側、千佛遺跡西側
叢林蛇王,千佛遺跡西側
叢林野象,千佛遺跡西側
叢林黑豹,千佛遺跡西側
喪魂邪屍,濕婆神廟(第一層)
噬屍地蟲,摩羅國境
土行者,千佛遺跡東側
墮天魔佛,金宵佛寺
大鵬金翅鳥,濕婆神廟(第一層、第二層)、金宵佛寺
密林妖禽,千佛遺跡東側、千佛遺跡西側
巨象騎兵,金宵佛寺
巨象騎射手,金宵佛寺
巨錘猴精,千佛遺跡東側、千佛遺跡西側
巨靈悍匪,千佛遺跡東側
怒威象神,濕婆神廟(第二層)
拔山象妖,摩羅國境、菩提聖原
摩羅女武侍,大梵河岸、金宵佛寺
摩羅御軍射手,大梵河岸、菩提聖原
摩羅御軍戰士,大梵河岸、菩提聖原
旱野蛇魔,大梵河岸、菩提聖原、金宵佛寺
林間老屍,千佛遺跡西側
沼地巨蛇,千佛遺跡東側、千佛遺跡西側
滅界邪陀,濕婆神廟(第一層、第二層)、金宵佛寺
濕婆神教刺客,大梵河岸
濕婆神教祭司,大梵河岸
焚風禿鷹,菩提聖原
無念僧,千佛遺跡西側、摩羅國境
無間骷髏兵,濕婆神廟(第一層)
無間骷髏弓手,濕婆神廟(第一層)
白猿鬥神,濕婆神廟(第一層、第二層)、金宵佛寺
紅蓮女戰將,濕婆神廟(第二層)
荒野猛虎,大梵河岸、菩提聖原
蓋世象魔,大梵河岸、金宵佛寺
象騎兵,摩羅國境、菩提聖原
象騎射手,摩羅國境、菩提聖原
邪咒骷髏,千佛遺跡東側、千佛遺跡西側
邪咒骷髏弓手,千佛遺跡東側、千佛遺跡西側
邪甲巨象,大梵河岸
金叉修羅王,濕婆神廟(第二層)
金翅鳥,大梵河岸、摩羅國境、菩提聖原
金鎧靈猴,大梵河岸、菩提聖原
阿喇耶尊者,濕婆神廟(第一層)
魔道行者,大梵河岸、菩提聖原、金宵佛寺
[三途棺差],三途之都、恨生不歸途、枉死之城
[拘魂白無常],九曲邪徑、悲歡渡口、永劫刑場
[提刑黑無常],九曲邪徑、悲歡渡口、永劫刑場
[白靈石獅],三途之都、恨生不歸途、枉死之城
[索命牛頭],九曲邪徑、寒愴冰獄
[血瘤眼],三途之都、恨生不歸途
[追魂馬面],九曲邪徑、奈落紅川、荒禍殘墟
三途棺差,三途之都、恨生不歸途、枉死之城
伏毒地蟒,恨生不歸途
八路王將,九曲邪徑、奈落紅川、寒愴冰獄、永劫刑場
冥土鬼爪,悲歡渡口、永劫刑場
冰獄獠鬼,寒愴冰獄
化屍大魔棺,九曲邪徑
十獄殿主,奈落紅川、荒禍殘墟
千古怨靈,恨生不歸途
嘯槍鬼馬,三途之都、悲歡渡口、枉死之城
報喪七王爺,奈落紅川、荒禍殘墟
奈落邪鬼,奈落紅川、永劫刑場
弔靈八王爺,奈落紅川、荒禍殘墟
懲善判官,九曲邪徑、寒愴冰獄、悲歡渡口、枉死之城
扶乩大喪神,荒禍殘墟
拘魂使,三途之都、恨生不歸途、枉死之城
拘魂白無常,九曲邪徑、悲歡渡口、永劫刑場
提刑差,三途之都、恨生不歸途、枉死之城
提刑黑無常,九曲邪徑、悲歡渡口、永劫刑場
斬斧牛妖,三途之都、悲歡渡口、枉死之城
晶凍傀儡,寒愴冰獄
業火獅王,荒禍殘墟
殉葬血屍,恨生不歸途
殮壽靈柩,九曲邪徑、悲歡渡口、枉死之城、永劫刑場
烈燄風魔,三途之都、恨生不歸途
煉獄邪眼,永劫刑場、荒禍殘墟
牛頭大喪神,奈落紅川
白懺大喪神,枉死之城
白靈石獅,三途之都、恨生不歸途、枉死之城
破陣鬼騎,九曲邪徑、悲歡渡口
索命牛頭,九曲邪徑、寒愴冰獄
紫霜冰魄,寒愴冰獄
萬刑惡靈,悲歡渡口、枉死之城
蒼炎怒獅,九曲邪徑、寒愴冰獄、永劫刑場
血瘤眼,三途之都、恨生不歸途
衝天馬魔將,奈落紅川、荒禍殘墟
謳邪僧正,寒愴冰獄
赦世驃騎,奈落紅川、寒愴冰獄、荒禍殘墟
追魂馬面,九曲邪徑、奈落紅川、荒禍殘墟
酆神陣頭,三途之都、悲歡渡口、枉死之城、永劫刑場
酆都遊魂,三途之都、枉死之城
酆都鬼役,三途之都、枉死之城
開山牛魔將,奈落紅川、荒禍殘墟
阿鼻霸鬼,荒禍殘墟
馬面大喪神,永劫刑場
鬼牙開眼,九曲邪徑、枉死之城、永劫刑場
魔域狂刀,奈落紅川、永劫刑場
黃泉大元帥,奈落紅川
黑尸大喪神,悲歡渡口
[傘鬼],八荒古墳、葉隱蒼林、長野沙濱
[冰執鐮鼬],內崎埠原、十律原樹海、外崎埠原
[劍刺傘鬼],八荒古墳
[天狗],十律原樹海、天照不二峰、葉隱蒼林
[惡鬼],內崎埠原、八荒古墳
[激雷鐮鼬],天照不二峰、神室關所、葉隱蒼林、長野沙濱
[鬼河童],十律原樹海、天照不二峰、葉隱蒼林
[魅亂傘鬼],內崎埠原、十律原樹海、外崎埠原
[鴉天狗],八荒古墳、天照不二峰
傘鬼,八荒古墳、葉隱蒼林、長野沙濱
冰執鐮鼬,內崎埠原、十律原樹海、外崎埠原
初陰陽師,內崎埠原、神室關所
劍刺傘鬼,八荒古墳
咒法陰陽師,八荒古墳、十律原樹海、外崎埠原
執怨般若,十律原樹海、天照不二峰
天狗,十律原樹海、天照不二峰、葉隱蒼林
奪魂海魅,極東海域
宇都宮長齋,內崎埠原
富田莊八郎,長野沙濱
巨鮫平次郎,長野沙濱
幕影忍者,伊取川大陣、十律原樹海、外崎埠原
幻魔海魅,極東海域
御使陰陽師,伊取川大陣、八荒古墳、天照不二峰
怒海狂蛟,極東海域
惡鬼,內崎埠原、八荒古墳
極道浪人,內崎埠原、外崎埠原、神室關所
武尊浪人,伊取川大陣
流亡山賊,葉隱蒼林
海上怨靈,極東海域
海賊迅忍,長野沙濱
溺誘河童,內崎埠原、十律原樹海、外崎埠原
激雷鐮鼬,天照不二峰、神室關所、葉隱蒼林、長野沙濱
燃影鐮鼬,外崎埠原、天照不二峰
玉藻九尾狐,十律原樹海
疾狩忍者,內崎埠原、神室關所、葉隱蒼林
直島新太郎,外崎埠原
秘行忍者,伊取川大陣、十律原樹海、天照不二峰
精武兵衛,伊取川大陣、內崎埠原、外崎埠原
蒼鱗蛟龍,極東海域
藤村龍二,神室關所
血刃般若,八荒古墳、天照不二峰
血咒怨靈,極東海域
護衛侍,內崎埠原、外崎埠原、神室關所、葉隱蒼林、長野沙濱
谷村真一,神室關所
赤烈鬼,伊取川大陣
逸劍流副首,內崎埠原
逸劍流劍師,神室關所
逸劍流統主,外崎埠原
邪骨河童,八荒古墳、十律原樹海
鄉野浪人,神室關所、葉隱蒼林
野良犬,內崎埠原、神室關所、葉隱蒼林、長野沙濱
長野海賊,長野沙濱
阿波狸仙,十律原樹海、葉隱蒼林、長野沙濱
青行鬼,伊取川大陣、八荒古墳、外崎埠原、天照不二峰
鬼將大天狗,伊取川大陣
鬼將妖河童,伊取川大陣
鬼將酒吞,伊取川大陣
鬼將青面般若,伊取川大陣
鬼嶽親衛弓侍,伊取川大陣
鬼嶽親衛槍侍,伊取川大陣
鬼斬刀般若,八荒古墳
鬼河童,神室關所、葉隱蒼林
魅亂傘鬼,內崎埠原、十律原樹海、外崎埠原
鴉天狗,八荒古墳、天照不二峰
黑巨蛟,極東海域
鼻高天狗,天照不二峰
五毒蜈蚣,河西谷地
傀儡沙漠刀匪,樓蘭遺址、萬佛窟
傀儡沙漠射手,樓蘭遺址
傀儡盜匪頭目,樓蘭遺址、萬佛窟
傭兵重鎚手,高昌郡
傭兵飛茅手,高昌郡
叛逃高昌守衛,塔干沙漠南方
嗜血禿鷹,塔干沙漠南方
噴焰巨龜,火焰山
圖曼,高昌郡
大黑天,火焰山、萬佛窟
大黑天尊者,火焰山
大黑天幻影,萬佛窟
大黑天王,樓蘭遺址 ( 頂層 )
妖化沙蟲,火焰山
妖煞蟲王,火焰山
山羊,河西谷地
岩龜,塔干沙漠南方、塔干沙漠東方、樓蘭遺址
巨禿鷹,塔干沙漠南方、塔干沙漠東方、樓蘭遺址、火焰山、萬佛窟
[巨禿鷹],塔干沙漠南方、塔干沙漠東方、樓蘭遺址、火焰山、萬佛窟
巨蜈蚣,河西谷地
巨蟾蜍,河西谷地
巨蠍子,塔干沙漠東方、樓蘭遺址、河西谷地
布衣幫小頭目,高昌郡
布衣幫響馬,高昌郡
布衣幫首領,高昌郡
暴風邪神,火焰山
樓蘭岩龜王,樓蘭遺址
樓蘭沙蟲王,樓蘭遺址
樓蘭禿鷹王,樓蘭遺址
樓蘭跳鼠王,樓蘭遺址
樓蘭黑天王,樓蘭遺址
毒蟾蜍,河西谷地
沙暴颶靈,火焰山
沙漠刀匪,塔干沙漠南方、塔干沙漠東方
沙漠射手,塔干沙漠南方、塔干沙漠東方
沙漠巨蟒,塔干沙漠南方
沙漠斑蛛,塔干沙漠西方
沙漠蠱毒蜘蛛,塔干沙漠西方
沙漠邪神,火焰山
沙漠響尾蛇,塔干沙漠南方
沙蟲蠱王,樓蘭遺址
火岩龜,火焰山
火蟾蜍,河西谷地
狼斑沙蟲,塔干沙漠東方、樓蘭遺址、萬佛窟
盜匪頭目,塔干沙漠南方
礫岩龜,塔干沙漠南方、塔干沙漠西方
神行跳鼠,塔干沙漠西方、樓蘭遺址、萬佛窟
禿鷹,塔干沙漠南方、塔干沙漠東方、樓蘭遺址、火焰山
禿鷹幫響馬,高昌郡
禿鷹幫首領,高昌郡
箭蜈蚣,河西谷地
羅剎劍俠,塔干沙漠西方
羅剎女妖,火焰山 ( 生關 )
羅剎槍士,塔干沙漠西方
羅剎男妖,火焰山 ( 生關 )
羅剎部隊長,塔干沙漠西方
羅剎鏢客,塔干沙漠西方
羅剎鞭子手,塔干沙漠西方
翠蛇,河西谷地
蠍子王,樓蘭遺址、河西谷地
血槍幫小頭目,高昌郡
血槍幫響馬,高昌郡
血槍幫首領,高昌郡
血神禿鷹,火焰山
西域沙蟲,塔干沙漠東方、樓蘭遺址
西域邪神,火焰山
赤蠍子,塔干沙漠東方
跳鼠,塔干沙漠東方、樓蘭遺址
邪神信徒,火焰山
邪神勇士,火焰山
邪神勇士鬼魂,火焰山 ( 死關 )
邪神軀殼,火焰山
邪跳鼠,火焰山
邪魔靈鼠,火焰山
野馬,河西谷地
飛毛跳鼠,塔干沙漠東方、塔干沙漠西方、樓蘭遺址、萬佛窟
[飛毛跳鼠],塔干沙漠東方、塔干沙漠西方、樓蘭遺址、萬佛窟
食人巨蟒,河西谷地
鬼禿鷹,火焰山
黑天妖魔,火焰山、萬佛窟
[黑天妖魔],火焰山、萬佛窟
黑焰大王,高昌郡
冰冑鎧狼,鷗揚浪嶼
奔潮鹿,鷗揚浪嶼
東瀛漂流者,鷗揚浪嶼
浪嶼角龜,鷗揚浪嶼
滄冰仙蛾,鷗揚浪嶼
紅傘花妖,鷗揚浪嶼
腐毒仙蛾,鷗揚浪嶼
藤索花魔,鷗揚浪嶼
赤燄仙蛾,鷗揚浪嶼
銳鱗海蛇,鷗揚浪嶼
[藏地氂牛],懸空仙嶺、登天棧道、青藏高原
[雪峰野人],懸空仙嶺、登天棧道、青藏高原
藏地氂牛,懸空仙嶺、登天棧道、青藏高原
雪峰野人,懸空仙嶺、登天棧道、青藏高原
吐蕃行者,懸空仙嶺、登天棧道
高原冰靈,懸空仙嶺、登天棧道
往生血眼,懸空仙嶺、青藏高原
仙嶺妖禽,懸空仙嶺
劈天大雷神,闕真金閣
挪宇大風神,闕真金閣
混沌,闕真金閣
神御泰平龍,闕真金閣
金閣天龍將,闕真金閣
大內秘衛,藏意武窟
影武暗部,藏意武窟
武窟先銳,藏意武窟
武窟精衛,藏意武窟
火武機關兵,藏意武窟
火霸機關長,藏意武窟
遠襲機關兵,藏意武窟
鎮國黑虎騎,藏意武窟
雷武機關兵,藏意武窟
雷霸機關長,藏意武窟
墮真劍仙,繚空碎島、飛雲忘野
檮杌,繚空碎島、飛雲忘野
魔劍仙無上,繚空碎島
亡者火,濟馬島
壹崎幻忍,濟馬島
萬曆劍豪,濟馬島
薙首夜叉,濟馬島
鳴梁霸腿,濟馬島
黃泉軍,濟馬島
原始水靈,擎空壁壘、獅堡軍事區、靜默之丘
墮魔巫女,擎空壁壘、獅堡軍事區、靜默之丘
聖十字軍,擎空壁壘、獅堡軍事區、靜默之丘
惡魔,擎空壁壘、血鴉嶺、豐穗平原、靜默之丘
掠空兇翼,擎空壁壘、血鴉嶺、靜默之丘
北海戰鬼基恩,擎空壁壘
原始風靈,擎空壁壘
闇夜死神,擎空壁壘
克拉罕巨魔,龍池大社
合成尖兵,龍池大社
強化戰兵FLM,龍池大社
法師塔學徒,龍池大社
祕法護衛,龍池大社
複合獅人,龍池大社
龍池特戰區長,龍池大社
火之精靈,靜默之丘
吞龍獄狼,燕蕩嶺
天門秀衛,燕蕩嶺
峭影山凶,燕蕩嶺
狩命獵手,燕蕩嶺
縱岳神龍,燕蕩嶺
落燕豹騎,燕蕩嶺
處刑機兵,燕蕩嶺
蝕骨毒蠶,燕蕩嶺
鎧蜘蛛,燕蕩嶺
食人魔花,燕蕩嶺
紅冠獵女,璇鶯鎮、祥鷺古街
京師密探,璇鶯鎮
京師斥侯,璇鶯鎮
南冥鐵騎,璇鶯鎮
天門教徒,璇鶯鎮
炙紋飛狐,璇鶯鎮
紫電雷龍,璇鶯鎮
萬變天蛾,璇鶯鎮
護城貓熊,璇鶯鎮
黑市保鑣,璇鶯鎮
千斤豬狂,劍橫天關、飛雲忘野
夢花蝶仙,劍橫天關、飛雲忘野
巡天千戶,劍橫天關、飛雲忘野
瑞照天官,劍橫天關、飛雲忘野
太初劍魄,劍橫天關
幻魔忍無鄉,劍橫天關
犯戒僧極樂,劍橫天關
蒼狼疾麗,齊襄道
蒼狼重衛,齊襄道
守陵人獅像,赫勒神殿遺址
殉王木乃伊,赫勒神殿遺址
盜墓侏賊,赫勒神殿遺址
禍天翼蛇,赫勒神殿遺址
衛陵煞豹,赫勒神殿遺址
護棺刃鱷,赫勒神殿遺址
赤瞳犄角,赫勒神殿遺址
鎮碑儀主,赫勒神殿遺址
黑喪使徒,赫勒神殿遺址
尊主山豬,臺興中州
後里駿馬,臺興中州
慶季客,臺興中州
梅花鹿,臺興中州
狼人,臺興中州
藏富鼠,臺興中州
蠑螈,臺興中州
達律族女,臺興中州
達律族民,臺興中州
部落戰狼,臺興中州
降駕狂戰,臺興中州
太極劍官,漢京首府、濟馬島、白餘古城
太極武妃,漢京首府、濟馬島、白餘古城
靨白幻獅,漢京首府、濟馬島、白餘古城
四相位靈尊,漆黑水路、真知寺、萬識聖宮
黑池饜屍,漆黑水路、真知寺(室內)
掀濤水靈,漆黑水路、真知寺
激震土靈,漆黑水路、真知寺
燎原火靈,漆黑水路、真知寺
低吟澤膠,葭雲廣原
低語魔樹,葭雲廣原
合成士兵,葭雲廣原
合成獵手,葭雲廣原
合成蛛女,葭雲廣原
合成豹人,葭雲廣原
太古妖泥,葭雲廣原
戰嵐敗兵,葭雲廣原
戰嵐難民,葭雲廣原
機動木兵,葭雲廣原
腐化暴熊,葭雲廣原
聖宮砂王龍,萬識聖宮(第二層)  ※ 第二層為「武皇查拉欽」死亡時才可以到達
土元素神將,萬識聖宮(外圍)
水元素神將,萬識聖宮(外圍)
火元素神將,萬識聖宮(外圍)
風元素神將,萬識聖宮(外圍)
武皇查拉欽,萬識聖宮(內部)
天風聖靈,萬識聖宮
絕凍冰妖,萬岳聖峰、香格里拉聖路
聖峰白虎,萬岳聖峰、香格里拉聖路
雪山冰靈,萬岳聖峰、香格里拉聖路
傲霜飛龍,萬岳聖峰、香格里拉神廟、香格里拉聖路
逆宗梵鬼,萬岳聖峰、香格里拉神廟、香格里拉聖路
赤勒辛,萬岳聖峰
冥府魘龍,聖禱天廳
燬天女魔后,聖禱天廳
神水領主,聖禱天廳
聖帝君士坦汀,聖禱天廳
霸戰獅王,聖禱天廳
怒砂土靈,聖域之門、黃塵荒漠
駱駝,聖域之門、黃塵荒漠
半身虎人,聖域之門、飛簷頂徑、黃塵荒漠
波斯亂黨,聖域之門
銀鱗飛龍,獅堡軍事區、血鴉嶺、豐穗平原、靜默之丘
冷血狂蜥,獅堡軍事區、血鴉嶺、靜默之丘
原始土靈,獅堡軍事區
原始火靈,獅堡軍事區
波臣獅,溥山新郡、齊襄道
衛郡武官,溥山新郡、白餘古城
衛郡虹裳,溥山新郡、白餘古城
風水相師,溥山新郡、白餘古城
鬼首靈獬,溥山新郡、白餘古城
新郡白虎,溥山新郡
霸道煌腿,溥山新郡
波斯戰象,黃塵荒漠
羅剎流寇,黃塵荒漠
邪神殉徒,黃塵荒漠
飛塵風靈,黃塵荒漠
三徊朽靈,虛空渦心
不法骨怪,虛空渦心
亂刀八虛,虛空渦心
六首邪鱗,虛空渦心
冥海力牛,虛空渦心
冥虛判官,虛空渦心
冥虛短使,虛空渦心
冥虛長使,虛空渦心
凶星狼,虛空渦心
分宙兇土,虛空渦心
半截戰狂,虛空渦心
厲陰魔相,虛空渦心
呼葬祭官,虛空渦心
嗅血劍鯊,虛空渦心
墮虛之翅,虛空渦心
天影犄麟,虛空渦心
天獄刑天,虛空渦心
奠甲鬥士,虛空渦心
射命虛狸,虛空渦心
幻晶巨儡,虛空渦心
幻鬼虎,虛空渦心
幽虛遮罩,虛空渦心
廢土犁者,虛空渦心
弒空之螯,虛空渦心
影妖狐,虛空渦心
影石魔,虛空渦心
搖風飛蠻,虛空渦心
擲虛夜叉,虛空渦心
散元劍狂,虛空渦心
斃法巫孺,虛空渦心
晶化蕈體,虛空渦心
晶嶽巨像,虛空渦心
暗蝕魔瞳,虛空渦心
暗風追翼,虛空渦心
暴風虛魂,虛空渦心
次元戰虎,虛空渦心
殘影龍形,虛空渦心
永戰幽將,虛空渦心
沉迭巨猿,虛空渦心
沒世天可汗,虛空渦心
沒世蒼勇冠,虛空渦心
沒世蒼神射,虛空渦心
沒世蒼陵將,虛空渦心
沒世飛司祭,虛空渦心
沒日夸父,虛空渦心
渡宇鷹,虛空渦心
渴血魔刀,虛空渦心
無之虛魅,虛空渦心
無影蜘蛛,虛空渦心
焦宙兇火,虛空渦心
獄門劍尊,虛空渦心
玄虛射手,虛空渦心
玄虛戰士,虛空渦心
王嚎金鋼,虛空渦心
百變蛇魅,虛空渦心
盪霧影鼠,虛空渦心
眩惑之眼,虛空渦心
眾天外邪,虛空渦心
碎岩大獸,虛空渦心
禁軒瘋王,虛空渦心
空宙兇風,虛空渦心
空斬般若,虛空渦心
空靈虛狐,虛空渦心
穿虛異蟲,虛空渦心
竭宙兇水,虛空渦心
綻鐵巨龜,虛空渦心
荒火虛魂,虛空渦心
蒼凰一奇,虛空渦心
蕩水虛魂,虛空渦心
虛化修羅,虛空渦心
虛化夜叉,虛空渦心
虛嵐,虛空渦心
虛影刺客,虛空渦心
虛淵鬥靈,虛空渦心
虛熒,虛空渦心
虛遊之魂,虛空渦心
虛雷天尊,虛空渦心
虛風天尊,虛空渦心
血戈鐵傀,虛空渦心
裂箭鐵傀,虛空渦心
覷影幻蛟,虛空渦心
變態蟲人,虛空渦心
迴影殺犬,虛空渦心
迷界幻忍,虛空渦心
邪角贔屭,虛空渦心
重嵐勁蛟,虛空渦心
釧刀鼬,虛空渦心
鎮土鬼偶,虛空渦心
陌形劍者,虛空渦心
陌形幻僧,虛空渦心
陌形武宗,虛空渦心
陌形隱道,虛空渦心
陌形雷手,虛空渦心
降禍邪孽,虛空渦心
陰骸骨刀,虛空渦心
陰骸骨弓,虛空渦心
雙面刀鬼女,虛空渦心
非議罪棺,虛空渦心
飄魂禿鷹,虛空渦心
鬼棒狩命,虛空渦心
鬼都玄龍,虛空渦心
魔劍鐵傀,虛空渦心
黑宇怒龍,虛空渦心
黑死冥蝶,虛空渦心
亂界雷鬼,紫雷轟原
佑天神僧,紫雷轟原
八天右風王,紫雷轟原
八天左雷王,紫雷轟原
天柱巨靈,紫雷轟原
太古射俑,紫雷轟原
太古戰俑,紫雷轟原
異時遊魔,紫雷轟原
轟原風精,紫雷轟原
電影疾鷹,紫雷轟原
巡天遊龍,登龍道
笑傲飛鷹,登龍道
穿峽禿鷹,登天棧道、青藏高原
霧峰暴猿,登天棧道
人蔘精‧強,殘雲天境
蒼狼‧強,殘雲天境
靈芝精‧強,殘雲天境
歐陸雄獅,凱旋廣場、擎空壁壘、獅堡軍事區、靜默之丘
禍翼巨龍,凱旋廣場、擎空壁壘
地獄女爵,凱旋廣場、聖禱天廳
煉獄魔梟,凱旋廣場、聖禱天廳
神土領主,凱旋廣場、聖禱天廳
神火領主,凱旋廣場、聖禱天廳
神耀十字軍,凱旋廣場、聖禱天廳
神風領主,凱旋廣場、聖禱天廳
紫羽災后,凱旋廣場、聖禱天廳
酷瘧蜥魔,凱旋廣場、獅堡軍事區、聖禱天廳
十字總將普萊斯,凱旋廣場
深紅史嘉列,凱旋廣場
蒼白達苟士,凱旋廣場
凱布利,荷魯斯聖祠
塞赫麥特,荷魯斯聖祠
多姆泰夫,荷魯斯聖祠
奈赫貝特,荷魯斯聖祠
左塞爾巨像,荷魯斯聖祠
庫努牡,荷魯斯聖祠
索貝克,荷魯斯聖祠
芭絲特,荷魯斯聖祠
貝斯,荷魯斯聖祠
瀚水聖靈,萬識聖宮(內部第二層)  ※ 第二層為「武皇查拉欽」死亡時才可以到達
烈火聖靈,萬識聖宮(內部第二層)  ※ 第二層為「武皇查拉欽」死亡時才可以到達
京師叛軍,祥鷺古街
天門巫覡,祥鷺古街
巫毒魅手,祥鷺古街
棄禪邪僧,祥鷺古街
私贓密運客,祥鷺古街
紫轅龍龜,祥鷺古街
血怨鬼刀兵,祥鷺古街
血鞭騎兵,祥鷺古街
衛遼神獸,祥鷺古街
冰壁蠍,異時界‧摘星嶺
夜叉獵矛手,異時界‧摘星嶺
夜叉王,異時界‧摘星嶺
夜叉血斧手,異時界‧摘星嶺
巨靈魔山王,異時界‧摘星嶺
巨靈魔衛,異時界‧摘星嶺
璽毒蠍,異時界‧摘星嶺
纏火蠍,異時界‧摘星嶺
金岩怪,異時界‧摘星嶺
金毛鷹王,異時界‧摘星嶺
鷹族精兵,異時界‧摘星嶺
修羅巨蟒,異時界‧葬日沼澤南方
刑天殺王,異時界‧葬日沼澤南方
刑天殺者,異時界‧葬日沼澤南方
土行魔,異時界‧葬日沼澤南方
土行魔王,異時界‧葬日沼澤南方
夸父猛者,異時界‧葬日沼澤南方
巨靈魔侍,異時界‧葬日沼澤南方
沼巨蟒,異時界‧葬日沼澤南方
細瘴蛇,異時界‧葬日沼澤南方
亡邪刑天戰骸,異時界‧葬日沼澤北方
亡邪土行骸,異時界‧葬日沼澤北方
亡邪夸父戰尸,異時界‧葬日沼澤北方
亡邪巨靈殭魔,異時界‧葬日沼澤北方
亡邪獵矛夜叉,異時界‧葬日沼澤北方
亡邪百眼死巫,異時界‧葬日沼澤北方
亡邪血斧夜叉,異時界‧葬日沼澤北方
亡邪阿修羅鬼,異時界‧葬日沼澤北方
亡邪鷹族喪兵,異時界‧葬日沼澤北方
食尸巨鱷,異時界‧葬日沼澤北方
夷林巨象,異時界‧葬日沼澤
妄想非僧,異時界‧葬日沼澤
濕婆軍強弓手,異時界‧葬日沼澤
濕婆軍狂戰士,異時界‧葬日沼澤
破斬象妖,異時界‧葬日沼澤
諸首大蛇,異時界‧葬日沼澤
護教金鳥,異時界‧葬日沼澤
魔心殺猿,異時界‧葬日沼澤
冰絕蜈蚣,異時界‧亂藤林南方
劍齒灰狼,異時界‧亂藤林南方
土行鬼王,異時界‧亂藤林南方
大王花精,異時界‧亂藤林南方
大黑豹,異時界‧亂藤林南方
殺人蜂,異時界‧亂藤林南方
活獄馬鬼,異時界‧亂藤林南方
烈火蜈蚣,異時界‧亂藤林南方
百眼巫師,異時界‧亂藤林南方
綠林蜥蜴,異時界‧亂藤林南方
至毒蜈蚣,異時界‧亂藤林南方
襲影鬼虎,異時界‧亂藤林南方
銳牙大鱷,異時界‧亂藤林南方
食人狂猿,異時界‧亂藤林南方
疲憊的刑天戰士,異時界‧亂藤林東方
疲憊的土行者,異時界‧亂藤林東方
疲憊的夜叉士兵,異時界‧亂藤林東方
疲憊的夜叉斧手,異時界‧亂藤林東方
疲憊的夸父戰士,異時界‧亂藤林東方
疲憊的巨靈魔,異時界‧亂藤林東方
疲憊的百眼巫師,異時界‧亂藤林東方
疲憊的阿修羅戰士,異時界‧亂藤林東方
疲憊的鷹族戰士,異時界‧亂藤林東方
太白無常,異時界‧亂藤林西方
死牢牛鬼,異時界‧亂藤林西方
牽亡妖將,異時界‧亂藤林西方
甚黑無常,異時界‧亂藤林西方
突疣膿眼,異時界‧亂藤林西方
舞墓白獅,異時界‧亂藤林西方
蔭爪魔棺,異時界‧亂藤林西方
造殺判官,異時界‧亂藤林西方
嗇花精,異時界‧亂藤林、異時界‧亂藤林南方
土行者,異時界‧亂藤林、異時界‧亂藤林南方
小夜叉士兵,異時界‧亂藤林、異時界‧亂藤林西方
小夜叉飛斧手,異時界‧亂藤林、異時界‧亂藤林西方
冰眼蟾蜍,異時界‧亂藤林
刑天戰狂,異時界‧亂藤林
巨靈魔,異時界‧亂藤林
幻色蜥蜴,異時界‧亂藤林
毒皰蟾蜍,異時界‧亂藤林
毒隱蠍,異時界‧亂藤林
火喉蟾蜍,異時界‧亂藤林
灰魁蟒,異時界‧亂藤林
猛蜈蚣,異時界‧亂藤林
魔樹精,異時界‧亂藤林
夜叉鬼斧者,異時界‧修羅窟、異時界‧毒龍潭
夜叉魔槍者,異時界‧修羅窟、異時界‧毒龍潭
巨靈煞,異時界‧修羅窟、異時界‧毒龍潭
百眼巫妖,異時界‧修羅窟、異時界‧毒龍潭
刑天殺鬼,異時界‧修羅窟
土行刺客,異時界‧修羅窟
夸父戰神王,異時界‧修羅窟
夸父狂魔,異時界‧修羅窟
阿修羅戰士,異時界‧修羅窟
鬼界獅鬥將,異時界‧修羅窟
鷹翅天衛,異時界‧修羅窟
冰噬鱷,異時界‧毒龍潭
毒嚙鱷,異時界‧毒龍潭
火咬鱷,異時界‧毒龍潭
煉黑巨龍首,異時界‧毒龍潭
百眼大長老,異時界‧毒龍潭
莽毒狂龍,異時界‧毒龍潭
五毒蜘蛛精,異時界‧夜叉嶺
冰封蜘蛛精,異時界‧夜叉嶺
冷刀魔蜥,異時界‧夜叉嶺
夜叉殺斧妖,異時界‧夜叉嶺
夜叉禍槍鬼,異時界‧夜叉嶺
夜叉荒斧鬼,異時界‧夜叉嶺
夜叉血刀妖,異時界‧夜叉嶺
夜叉邪棒妖,異時界‧夜叉嶺
天劫大夜叉,異時界‧夜叉嶺
火影蜘蛛精,異時界‧夜叉嶺
魔山狂猿,異時界‧夜叉嶺
波斯鐵衛,清教院街、聖域之門、黃塵荒漠
魔喚使者,清教院街、聖域之門、黃塵荒漠
波斯步卒,清教院街、聖域之門
蜃樓水靈,清教院街、聖域之門
赤日火靈,清教院街、聖域之門
真知芳衛,清教院街
波斯戰駱,真知寺(室外)、萬識聖宮(外圍)
大蛤蟆,琉瑯岩灣
寒洞蟒,琉瑯岩灣
巨顎陸行鯊,琉瑯岩灣
海蝸牛,琉瑯岩灣
牛樟根,琉瑯岩灣
珠蟾蜍,琉瑯岩灣
童魚,琉瑯岩灣
觀海斥侯,琉瑯岩灣
部落獒犬,琉瑯岩灣
雨陽蜥,琉瑯岩灣
鬃公羊,琉瑯岩灣
原鳳蝶精,泰源大社
古祖咒靈,泰源大社
山嬰魚,泰源大社
巨峰蛤蟆,泰源大社
戰嵐先銳,泰源大社
戰嵐術師,泰源大社
戰嵐襲兵,泰源大社
神谷藍鵲,泰源大社
劫貨惡棍,殊雁峽
南遼水靈,殊雁峽
好事遊人,殊雁峽
巨蠶,殊雁峽
攔路客,殊雁峽
武列雲貂,殊雁峽
翡玉藍雀,殊雁峽
落羽棕熊,殊雁峽
蔓行藤,殊雁峽
覓竹貓熊,殊雁峽
合成巨犀,桃谷縱道
合成巨猿,桃谷縱道
合成象人,桃谷縱道
基改戰兵RYU,桃谷縱道
強化戰兵BJL,桃谷縱道
方舟翼衛,桃谷縱道
方舟鉻熊,桃谷縱道
方舟鉻虎,桃谷縱道
桃谷特戰區長,桃谷縱道
量產宮國弓兵,桃谷縱道
量產宮國步兵,桃谷縱道
量產宮國策士,桃谷縱道
巡天舞將,凌風修境(第三區)、繚空碎島
雷公,凌風修境(第三區)、繚空碎島
風伯,凌風修境(第三區)、繚空碎島
豬痴妖,凌風修境(第二區)、登龍道、繚空碎島
賦文臣,凌風修境(第二區)、登龍道、繚空碎島
雲蛟衛,凌風修境(第二區)、登龍道、繚空碎島
妖三娘翦虹,凌風修境(第二區)
天戮三滅視,香格里拉聖路
禪鬼宗部斑,香格里拉聖路
絕峰禿鷹,香格里拉聖路
金剛仁波切,香格里拉神廟、香格里拉聖路
龍磐帝蠻,香格里拉神廟、香格里拉聖路
御天七彩牛,香格里拉神廟
護天金翅鳥,香格里拉神廟
金穹蒼龍,香格里拉神廟
雷吼聖將,香格里拉神廟
樑上飛賊,飛簷頂徑
波斯蒼鷹,飛簷頂徑
文誅筆妄言,飛雲忘野
朝天妖道,飛雲忘野
基改戰兵BJL,風竹塹、龍池大社
複合蛛女,風竹塹、龍池大社
勞役獸人,風竹塹
合成豬人,風竹塹
太古凝淤,風竹塹
太古沉風,風竹塹
方舟機兵,風竹塹
方舟鋼豹,風竹塹
腐化蠑螈,風竹塹
走卒獸人,風竹塹
風竹常戰區長,風竹塹
東校精衛,皇城
東校鎮軍,皇城
武冠勇軍,皇城
武冠驍衛,皇城
皇城武衛,皇城
皇城駐軍,皇城
西校精衛,皇城
西校鎮軍,皇城
低語枯榕,南瞻聖地
南瞻常戰區長,南瞻聖地
合成兵蜂,南瞻聖地
合成浮鰻,南瞻聖地
合成蛇女,南瞻聖地
合成龍獸,南瞻聖地
基改戰兵FLM,南瞻聖地
太古石龜,南瞻聖地
太古魔手,南瞻聖地
太古魔膠,南瞻聖地
方舟空拍機,南瞻聖地
方舟鐵熊,南瞻聖地
冥鬼提訥西,青藏高原
八荒碧龍麟,青龍東殿
強襲飛龍,青龍東殿
怒疆霸龍,青龍東殿
拂雲崩龍,青龍東殿
東天龍人,青龍東殿
破日鬥龍,青龍東殿
紫暮影蛟,青龍東殿
裂軀王龍,青龍東殿
雷海神蛟,青龍東殿
飲歲羅蛟,青龍東殿
夜鴆鱗莽,波斯西市、漆黑水路
征軍駱駝,波斯西市、漆黑水路
波斯騎兵,波斯西市、清教院街、聖域之門、飛簷頂徑
嘯狂之風,波斯西市、清教院街、飛簷頂徑
巨憾之土,波斯西市、清教院街
剎羽風靈,法誡參道、漆黑水路、真知寺
鬼虎殺手,法誡參道、漆黑水路
真知聖御將,法誡參道、真知寺、萬識聖宮
真知聖戰士,法誡參道、波斯西市、漆黑水路、飛簷頂徑
聖血戰虎,法誡參道、波斯西市、漆黑水路
焚怒之火,法誡參道、波斯西市、飛簷頂徑
通天術師,法誡參道、波斯西市、飛簷頂徑
騰湧之水,法誡參道、波斯西市、飛簷頂徑
華蹴鬥士,東海道、溥山新郡、齊襄道
高麗幽女,東海道、溥山新郡、齊襄道
鋼鬚殺蔘,東海道、白餘古城、齊襄道
東海溺靈,東海道
飢戰海妖,東海道
東校場司尉,東校場
東校場士兵,東校場
東校場精衛,東校場
東校場鎮軍,東校場
東陣悍馬,東校場
東陣獵鷹,東校場
東陣黑豹,東校場
亭台聽蝶,東宮碧庭
南境蒔花,東宮碧庭
扶疏樹精,東宮碧庭
東庭古木,東宮碧庭
深靈化水,東宮碧庭
磐石精,東宮碧庭
蔚奇園鼠,東宮碧庭
錦卉旋蜂,東宮碧庭
龍脈神蔘,東宮碧庭
戰嵐烈英,始祖巨林．東、始祖巨林．西
戰嵐雄豪,始祖巨林．東、始祖巨林．西
冰影飛貂,始祖巨林．東
凝水晶體,始祖巨林．東
明潭水靈,始祖巨林．東
曲水祖花精,始祖巨林．東
泅水青龍,始祖巨林．東
澄清水蟆,始祖巨林．東
玉娃魚,始祖巨林．東
育生水元,始祖巨林．東
萬年龍龜,始祖巨林．東
號雨贔屭,始祖巨林．東
天門殘兇,始祖巨林．西
披火旱犀,始祖巨林．西
極沸蠑螈,始祖巨林．西
炎池潛蠑,始祖巨林．西
焚風火源,始祖巨林．西
煉獄火蟆,始祖巨林．西
燃宇皇蛇,始祖巨林．西
燃箭祖花精,始祖巨林．西
玉火鳳凰,始祖巨林．西
阿鼻火靈,始祖巨林．西
林口活蔓,始祖巨林(下半部)
植生異人,始祖巨林(下半部)
綠影遊蝸,始祖巨林(下半部)
翠絲天蠶,始祖巨林(下半部)
遠古樹人,始祖巨林(下半部)
雲霓花狸,始祖巨林(下半部)
風靈祖花精,始祖巨林(下半部)
噬肉活苞,始祖巨林(上半部)
太古樹衛,始祖巨林(上半部)
怒拳狼王,始祖巨林(上半部)
玉旭幼龍,始祖巨林(上半部)
虹輝聖狸,始祖巨林(上半部)
山林地俠宗,西校場
紫霞山俠宗,西校場
葬劍崖俠宗,西校場
踏雲頂俠宗,西校場
黑水潭俠宗,西校場
北原俠女,西宮翠苑
朱燕后衛,西宮翠苑
紅櫻藝者,西宮翠苑
羅剎劍瑛,西宮翠苑
羅剎逸姝,西宮翠苑
艾濟武姬,西宮翠苑
西苑花侍,西宮翠苑
金蓮碧手,西宮翠苑
麗火魔法使,西宮翠苑
水之精靈,血鴉嶺、豐穗平原
蜥蜴人,血鴉嶺、豐穗平原
亡骸弓箭手,血鴉嶺
詛咒骸骨兵,血鴉嶺
光耀神凰,朱雀南殿
八熾燹鳳麟,朱雀南殿
南天火影,朱雀南殿
戰火刀魔,朱雀南殿
焚劫厲將,朱雀南殿
萬炎殺顱,朱雀南殿
護火聖像,朱雀南殿
雀殿妃凰,朱雀南殿
雀殿闇凰,朱雀南殿
雀翼燼火,朱雀南殿
戰嵐女巫,旭陽山徑、風竹塹
厚絨犀,旭陽山徑
戰嵐女衛,旭陽山徑
戰嵐拳士,旭陽山徑
戰嵐斥侯,旭陽山徑
戰嵐男衛,旭陽山徑
泰源巨猿,旭陽山徑
泰源翡雀,旭陽山徑
泰源黑熊,旭陽山徑
部落戰虎,旭陽山徑
黃金鳳,旭陽山徑
皇家聖衛,托勒密山麓、王都索羅
峽谷蠻獸,托勒密山麓
托勒密魔鱷,托勒密山麓
眾靈妖祭,托勒密山麓
聖谷王司,托勒密山麓
荒山血獵,托勒密山麓
起源刺客,托勒密山麓
金斧皇將,托勒密山麓
鎮祠蒼翼,托勒密山麓
黃金風蛇,托勒密山麓
採石奴,吉薩走廊
泥河鱷魔,吉薩走廊
石奴監工,吉薩走廊
艾濟矮靈,吉薩走廊
虛來屠尖,吉薩走廊
虛來殺爪,吉薩走廊
虛來轟錘,吉薩走廊
虛來鳴猩,吉薩走廊
崔甲煥,白餘古城
征疆上忍,白餘古城
我流無賴,白餘古城
合成獅人,白苗峽岸
合成蜥人,白苗峽岸
合成鷹人,白苗峽岸
岷白山羌,白苗峽岸
岷白戰士,白苗峽岸
岷白迅伕,白苗峽岸
岷白鬥雄,白苗峽岸
方舟金豹,白苗峽岸
方舟銀豹,白苗峽岸
方舟電眼,白苗峽岸
輻射花,白苗峽岸
八卦戰虎王,白虎西殿
天尊獅座,白虎西殿
截拳虎衛,白虎西殿
星虎白皇,白虎西殿
碎時狂虎,白虎西殿
虛辰戰虎,白虎西殿
褐紋天虎,白虎西殿
銀霜神牛,白虎西殿
鎮國象神,白虎西殿
風行刀獸,白虎西殿
八極凜冰麟,玄武北殿
動界武犢,玄武北殿
北天吼霸,玄武北殿
巖崴魔魁,玄武北殿
憾山拳熊,玄武北殿
無瑕鎧妖,玄武北殿
玄武甲龜,玄武北殿
盤古石尊,玄武北殿
重絕泰斗,玄武北殿
闢地巨獸,玄武北殿
四聖劍仙,四聖祭台
玄台岩齡,四聖祭台
真劍修者,四聖祭台
真勇修者,四聖祭台
真禪修者,四聖祭台
真術修者,四聖祭台
真道修者,四聖祭台
虎台白吼,四聖祭台
雀台朱鳳,四聖祭台
龍台飛影,四聖祭台
人面獅身,古翰大沙漠
古翰沙蟲,古翰大沙漠
塵泥羊巫,古翰大沙漠
木乃伊,古翰大沙漠
殺傷跳鼠,古翰大沙漠
沙暴先鋒,古翰大沙漠
沙暴先鋒隊長,古翰大沙漠
漠影翼蛇,古翰大沙漠
烈日行蜴,古翰大沙漠
鑽岩鋼蛇,古翰大沙漠
九天神將,仙庭玉階、闕真金閣
天海神蛟,仙庭玉階、闕真金閣
酒肉豬仙,仙庭玉階、闕真金閣
靨羽蝶后,仙庭玉階、闕真金閣
凰權天督,仙庭玉階、劍橫天關、闕真金閣
蕩神劍聖,仙庭玉階、劍橫天關、闕真金閣
怒雷尊者,仙庭玉階、劍橫天關、飛雲忘野
暴風尊者,仙庭玉階、劍橫天關、飛雲忘野
饕餮,仙庭玉階、劍橫天關、飛雲忘野
天地宰相,仙庭玉階
玉階飛凰,仙庭玉階
盧索警司,王都索羅
盧索野民,王都索羅
祭日司衛,王都索羅
衛城鬃獅,王都索羅
親衛獸將,王都索羅
護聖刀將,王都索羅
護聖女侍,王都索羅
逐日虎人,王都索羅
原碼改造戰熊,王統新市
原碼改造戰豹,王統新市
原碼改造機兵,王統新市
原碼改造電眼,王統新市
科技戰兵BHZ,王統新市
科技戰兵BJL,王統新市
科技戰兵FLM,王統新市
科技戰兵GSW,王統新市
科技戰兵HLS,王統新市
科技戰兵RYU,王統新市
十字軍,止戰邊境、豐穗平原
悍野獅,止戰邊境、豐穗平原
赫丕族女,止戰邊境、豐穗平原
風之精靈,止戰邊境、靜默之丘
黑袍魔女,止戰邊境、血鴉嶺、豐穗平原
土之精靈,止戰邊境、血鴉嶺
波斯戰士,止戰邊境
波斯猛將,止戰邊境
軍騎駱駝,止戰邊境
尼絡女鬥士,太陽神大道
彎刀河獸,太陽神大道
沙漠矮靈,太陽神大道
港灣鱷人,太陽神大道
王都守衛,太陽神大道
王都石工,太陽神大道
穿雲鐵鷹,太陽神大道
艾濟巡督,太陽神大道
雪槍狂豹,太陽神大道
草獅精,太安道、東海道、齊襄道
高麗劍客,太安道、東海道、溥山新郡、齊襄道
征疆中忍,太安道、東海道
斬神風鼬,太安道、東海道
征疆弓手,太安道、山海長疆、齊襄道
征疆浪客,太安道、山海長疆、齊襄道
北妖蔘,太安道、山海長疆
征疆散兵,太安道、山海長疆
襲關姝,太安道、山海長疆
長疆寇,太安道、山海長疆
八部天章,天啓八關
時真靈狸,天啓八關
深宮幻蝶,天啓八關
滄浪隱劍,天啓八關
穹天千戶,天啓八關
穹天軍長,天啓八關
肅狄夷公,天啓八關
連雲精衛,天啓八關
雷域金仙,天啓八關
驚雷鴻蛟,天啓八關
搫土聖靈,萬識聖宮(外、內圍)
虎威戰神,真知寺、萬識聖宮(外、內圍)
真知神烈將,真知寺(室外)、萬識聖宮(外、內圍)
遊鬥客,山海長疆、東海道
長疆大蟲,山海長疆
長疆細作,山海長疆
長疆靈貂,山海長疆
[輪迴外邪],大梵聖湖、懸空仙嶺、萬岳聖峰、青藏高原、香格里拉聖路
輪迴外邪,大梵聖湖、懸空仙嶺、萬岳聖峰、青藏高原、香格里拉聖路
[幽谷翔龍],大梵聖湖、懸空仙嶺、登天棧道、青藏高原
幽谷翔龍,大梵聖湖、懸空仙嶺、登天棧道、青藏高原
黑教侍衛,大梵聖湖、懸空仙嶺、登天棧道、青藏高原
黑教僧兵,大梵聖湖、懸空仙嶺、登天棧道
穿雲聖牛,大梵聖湖、萬岳聖峰、香格里拉聖路
赤壇喇嘛,大梵聖湖、萬岳聖峰、青藏高原、香格里拉神廟、香格里拉聖路
萬岳囂異,大梵聖湖、萬岳聖峰、青藏高原
衝雲亂梟,大梵聖湖、萬岳聖峰
逆反外眼,大梵聖湖、萬岳聖峰
天谷禿鷹,大梵聖湖、青藏高原
黑教舞鞭者,大梵聖湖、青藏高原
黑教隱鏢手,大梵聖湖、青藏高原
劇鬼貝倫普因,大梵聖湖
巡天監,凌風修境(第一二區)、登龍道、繚空碎島
蝶舞精,凌風修境(第一二區)、登龍道、繚空碎島
窮奇,凌風修境(第一、二區)、登龍道
魔劍子,凌風修境(第一、二區)、登龍道
墮真劍邪‧強,殘雲天境東側
大黑天‧強,殘雲天境東側
女邪蜘蛛‧強,殘雲天境東側
幽空飛龍‧強,殘雲天境東側
紫雷蠻蛟‧強,殘雲天境東側
鋼冑聖騎‧強,殘雲天境東側
鬼河童‧強,殘雲天境東側
獵鷹‧強,殘雲天境、殘雲天境東側
黑豹‧強,殘雲天境、殘雲天境東側
噬地梵鬼‧強,殘雲天境西側
太古土魁‧強,殘雲天境西側
太古天風‧強,殘雲天境西側
太古水靈‧強,殘雲天境西側
太古火尊‧強,殘雲天境西側
嵐荒天虎‧強,殘雲天境西側
霧城巨獅‧強,殘雲天境西側
梵煞金陀烈瑪,香格里拉聖路 (使用「梵鬼真血珠」召出)
血潤狂蔘,漢京首府 ( 1/F、2/F )、濟馬島
仙露花精,七寶仙境
[仙露花精],七寶仙境
<仙露花精>,七寶仙境
松齡聖龜,七寶仙境
[松齡聖龜],七寶仙境
<松齡聖龜>,七寶仙境
步天敖犬,七寶仙境
[步天敖犬],七寶仙境
<步天敖犬>,七寶仙境
萬曆星將,七寶仙境
[萬曆星將],七寶仙境
<萬曆星將>,七寶仙境
幻月銀狼,七寶仙境
[幻月銀狼],七寶仙境
<幻月銀狼>,七寶仙境
岩羅角獸,七寶仙境
[岩羅角獸],七寶仙境
<岩羅角獸>,七寶仙境
妙捷跳鼠,七寶仙境
[妙捷跳鼠],七寶仙境
<妙捷跳鼠>,七寶仙境
霧隱忍武,七寶仙境
[霧隱忍武],七寶仙境
<霧隱忍武>,七寶仙境
來世象尊,七寶仙境
[來世象尊],七寶仙境
<來世象尊>,七寶仙境
問頂仙龍,七寶仙境
[問頂仙龍],七寶仙境
<問頂仙龍>,七寶仙境
〈仙露花精〉,真七寶仙境
《仙露花精》,真七寶仙境
【仙露花精】,真七寶仙境
〈松齡聖龜〉,真七寶仙境
《松齡聖龜》,真七寶仙境
【松齡聖龜】,真七寶仙境
〈步天敖犬〉,真七寶仙境
《步天敖犬》,真七寶仙境
【步天敖犬】,真七寶仙境
〈萬曆星將〉,真七寶仙境
《萬曆星將》,真七寶仙境
【萬曆星將】,真七寶仙境
〈幻月銀狼〉,真七寶仙境
《幻月銀狼》,真七寶仙境
【幻月銀狼】,真七寶仙境
〈岩羅角獸〉,真七寶仙境
《岩羅角獸》,真七寶仙境
【岩羅角獸】,真七寶仙境
〈妙捷跳鼠〉,真七寶仙境
《妙捷跳鼠》,真七寶仙境
【妙捷跳鼠】,真七寶仙境
〈霧隱忍武〉,真七寶仙境
《霧隱忍武》,真七寶仙境
【霧隱忍武】,真七寶仙境
〈來世象尊〉,真七寶仙境
《來世象尊》,真七寶仙境
【來世象尊】,真七寶仙境
〈問頂仙龍〉,真七寶仙境
《問頂仙龍》,真七寶仙境
【問頂仙龍】,真七寶仙境
○仙露花精○,超七寶仙境
◎仙露花精◎,超七寶仙境
●仙露花精●,超七寶仙境
○松齡聖龜○,超七寶仙境
◎松齡聖龜◎,超七寶仙境
●松齡聖龜●,超七寶仙境
○步天敖犬○,超七寶仙境
◎步天敖犬◎,超七寶仙境
●步天敖犬●,超七寶仙境
○萬曆星將○,超七寶仙境
◎萬曆星將◎,超七寶仙境
●萬曆星將●,超七寶仙境
○幻月銀狼○,超七寶仙境
◎幻月銀狼◎,超七寶仙境
●幻月銀狼●,超七寶仙境
○岩羅角獸○,超七寶仙境
◎岩羅角獸◎,超七寶仙境
●岩羅角獸●,超七寶仙境
○妙捷跳鼠○,超七寶仙境
◎妙捷跳鼠◎,超七寶仙境
●妙捷跳鼠●,超七寶仙境
○霧隱忍武○,超七寶仙境
◎霧隱忍武◎,超七寶仙境
●霧隱忍武●,超七寶仙境
○來世象尊○,超七寶仙境
◎來世象尊◎,超七寶仙境
●來世象尊●,超七寶仙境
○問頂仙龍○,超七寶仙境
◎問頂仙龍◎,超七寶仙境
●問頂仙龍●,超七寶仙境
★仙露花精★,極七寶仙境
☆仙露花精☆,極七寶仙境
⊕仙露花精⊕,極七寶仙境
★松齡聖龜★,極七寶仙境
☆松齡聖龜☆,極七寶仙境
⊕松齡聖龜⊕,極七寶仙境
★步天敖犬★,極七寶仙境
☆步天敖犬☆,極七寶仙境
⊕步天敖犬⊕,極七寶仙境
★萬曆星將★,極七寶仙境
☆萬曆星將☆,極七寶仙境
⊕萬曆星將⊕,極七寶仙境
★幻月銀狼★,極七寶仙境
☆幻月銀狼☆,極七寶仙境
⊕幻月銀狼⊕,極七寶仙境
★岩羅角獸★,極七寶仙境
☆岩羅角獸☆,極七寶仙境
⊕岩羅角獸⊕,極七寶仙境
★妙捷跳鼠★,極七寶仙境
☆妙捷跳鼠☆,極七寶仙境
⊕妙捷跳鼠⊕,極七寶仙境
★霧隱忍武★,極七寶仙境
☆霧隱忍武☆,極七寶仙境
⊕霧隱忍武⊕,極七寶仙境
★來世象尊★,極七寶仙境
☆來世象尊☆,極七寶仙境
⊕來世象尊⊕,極七寶仙境
★問頂仙龍★,極七寶仙境
☆問頂仙龍☆,極七寶仙境
⊕問頂仙龍⊕,極七寶仙境
◥仙露花精◤,絕七寶仙境
◢仙露花精◣,絕七寶仙境
￭仙露花精￭,絕七寶仙境
◥松齡聖龜◤,絕七寶仙境
◢松齡聖龜◣,絕七寶仙境
￭松齡聖龜￭,絕七寶仙境
◥步天敖犬◤,絕七寶仙境
◢步天敖犬◣,絕七寶仙境
￭步天敖犬￭,絕七寶仙境
◥萬曆星將◤,絕七寶仙境
◢萬曆星將◣,絕七寶仙境
￭萬曆星將￭,絕七寶仙境
◥幻月銀狼◤,絕七寶仙境
◢幻月銀狼◣,絕七寶仙境
￭幻月銀狼￭,絕七寶仙境
◥岩羅角獸◤,絕七寶仙境
◢岩羅角獸◣,絕七寶仙境
￭岩羅角獸￭,絕七寶仙境
◥妙捷跳鼠◤,絕七寶仙境
◢妙捷跳鼠◣,絕七寶仙境
￭妙捷跳鼠￭,絕七寶仙境
◥霧隱忍武◤,絕七寶仙境
◢霧隱忍武◣,絕七寶仙境
￭霧隱忍武￭,絕七寶仙境
◥來世象尊◤,絕七寶仙境
◢來世象尊◣,絕七寶仙境
￭來世象尊￭,絕七寶仙境
◥問頂仙龍◤,絕七寶仙境
◢問頂仙龍◣,絕七寶仙境
￭問頂仙龍￭,絕七寶仙境
帝．仙露花精,帝七寶仙境
〈帝〉仙露花精,帝七寶仙境
《帝》仙露花精,帝七寶仙境
帝．松齡聖龜,帝七寶仙境
〈帝〉松齡聖龜,帝七寶仙境
《帝》松齡聖龜,帝七寶仙境
帝．步天敖犬,帝七寶仙境
〈帝〉步天敖犬,帝七寶仙境
《帝》步天敖犬,帝七寶仙境
帝．萬曆星將,帝七寶仙境
〈帝〉萬曆星將,帝七寶仙境
《帝》萬曆星將,帝七寶仙境
帝．幻月銀狼,帝七寶仙境
〈帝〉幻月銀狼,帝七寶仙境
《帝》幻月銀狼,帝七寶仙境
帝．岩羅角獸,帝七寶仙境
〈帝〉岩羅角獸,帝七寶仙境
《帝》岩羅角獸,帝七寶仙境
帝．妙捷跳鼠,帝七寶仙境
〈帝〉妙捷跳鼠,帝七寶仙境
《帝》妙捷跳鼠,帝七寶仙境
帝．霧隱忍武,帝七寶仙境
〈帝〉霧隱忍武,帝七寶仙境
《帝》霧隱忍武,帝七寶仙境
帝．來世象尊,帝七寶仙境
〈帝〉來世象尊,帝七寶仙境
《帝》來世象尊,帝七寶仙境
帝．問頂仙龍,帝七寶仙境
〈帝〉問頂仙龍,帝七寶仙境
《帝》問頂仙龍,帝七寶仙境
神．仙露花精,神七寶仙境
〈神〉仙露花精,神七寶仙境
《神》仙露花精,神七寶仙境
神．松齡聖龜,神七寶仙境
〈神〉松齡聖龜,神七寶仙境
《神》松齡聖龜,神七寶仙境
神．步天敖犬,神七寶仙境
〈神〉步天敖犬,神七寶仙境
《神》步天敖犬,神七寶仙境
神．萬曆星將,神七寶仙境
〈神〉萬曆星將,神七寶仙境
《神》萬曆星將,神七寶仙境
神．幻月銀狼,神七寶仙境
〈神〉幻月銀狼,神七寶仙境
《神》幻月銀狼,神七寶仙境
神．岩羅角獸,神七寶仙境
〈神〉岩羅角獸,神七寶仙境
《神》岩羅角獸,神七寶仙境
神．妙捷跳鼠,神七寶仙境
〈神〉妙捷跳鼠,神七寶仙境
《神》妙捷跳鼠,神七寶仙境
神．霧隱忍武,神七寶仙境
〈神〉霧隱忍武,神七寶仙境
《神》霧隱忍武,神七寶仙境
神．來世象尊,神七寶仙境
〈神〉來世象尊,神七寶仙境
《神》來世象尊,神七寶仙境
神．問頂仙龍,神七寶仙境
〈神〉問頂仙龍,神七寶仙境
《神》問頂仙龍,神七寶仙境
大山犬,古皇陵近郊
大狂猴,古皇陵近郊、猢猻嶺
大野豬,古皇陵近郊
大蟾蜍,古皇陵近郊、平西關
大蜘蛛,望星坡、碧波谷徑
巨鼠,古皇陵第一層、古皇陵第二層
蝙蝠,古皇陵第一層
惡犬,古皇陵近郊
黑狂猴,古皇陵近郊、猢猻嶺
山豬,古皇陵近郊、望星坡
巨蟾蜍,古皇陵近郊、平西關
巨蜘蛛,望星坡、碧波谷徑
巨灰鼠,古皇陵第一層、古皇陵第二層
灰蝙蝠,古皇陵第一層、古皇陵第二層
小蠍子,巨猿洞窟第二層、亂藤林
藍尾蠍,摘星嶺、亂藤林東方
狂犬,古皇陵近郊
火蟾蜍,平西關、碧波谷徑、萬人塚第一層
冰蟾蜍,映月泊、百妖穴第一層、萬人塚第一層
食屍巨鼠,古皇陵第一層、古皇陵第二層
巨蝙蝠,古皇陵第一層、古皇陵第二層
變色蜥蜴,靖南古道、亂藤林西方
搗蛋小狸貓,桃花林東方
屍犬,鬼城、猛鬼窟、萬人塚
毒蟾蜍,碧波谷徑、亂藤林、萬人塚第一層
赤蠍子,巨猿洞窟第二層、摘星嶺
野狼,惡狼林、入雲道
殭屍,鬼城、猛鬼窟、萬人塚
狂猿,碧波幽谷、巨猿洞窟第二層、亂藤林東方
斑紋蜘蛛,望星坡、碧波谷徑
綠蜥蜴,亂藤林南方、亂藤林西方
巨蜈蚣,河西谷地、鎮南關密道、亂藤林
翠蛇,河西谷地、鎮南關密道、亂藤林西方
遊魂,鬼城、猛鬼窟一層、猛鬼窟二層
桃花蜂,桃花林、桃花林東方、桃花林西方
飛毛兔,掩月松林、桃花林、桃花林東方、桃花林西方
千面狐,不老峰、瀰煙山道
沙漠響尾蛇,塔干沙漠南方
沙漠斑蛛,塔干沙漠西方
狂猴王,猢猻嶺
雪狼,惡狼林、入雲道、天山雪道
鱷魚,葬日沼澤、葬日沼澤北方
血屍,猛鬼窟一層
毒殭屍,猛鬼窟一層、萬人塚第二層
小妖狸,桃花林
山羊,河西谷地、塞北草原
野馬,河西谷地、塞北草原
幽冥犬,猛鬼窟一層
白毛巨猿,入雲道、天山雪道
紅毛巨猿,猢猻嶺、巨猿洞窟
大山豬,古皇陵近郊、猢猻嶺
蟾蜍精,百妖穴第一層、百妖穴第二層
鬼面蜘蛛,碧波谷徑、百妖穴第一層
巨蠍子,飛仙岩、塔干沙漠東方、摘星嶺
劍齒狼,惡狼林、入雲道、八達嶺
赤蜥蜴,鷹翅族部落
石怪,入雲道、碧波谷徑
水鬼,映月泊、萬人塚第二層
火妖,望星坡、萬人塚二層、萬人塚三層
骷髏士兵,猛鬼窟二層
骷髏弓手,猛鬼窟二層
玄龜,桃花林東方
黃牛,塞北草原、呼倫草原
洞穴蜥蜴,地靈穴
沙漠蠱毒蜘蛛,塔干沙漠西方
巨狂猿,碧波谷徑、摘星嶺
箭蜈蚣,河西谷地、鎮南關密道、葬日沼澤南方
灰巨蟒,靖南古道、萬人塚第三層、桃花林西方
巨螯蝦兵,桃花林東方、桃花林南方
桃花兵蜂,桃花林、桃花林東方、桃花林西方
大力熊,不老峰、桃花林西方、桃花林南方
百草狐郎中,不老峰、瀰煙山道、半天岩
禿鷹,塔干沙漠東方、塔干沙漠南方
{石怪},不老峰
{水鬼},桃花林東方、桃花林西方
{火妖},不老峰
{千面狐},不老峰、瀰煙山道 (晚上出沒)
{桃花兵蜂},桃花林、桃花林東方、桃花林西方16.83、桃花林南方182.52
老虎,碧波谷徑、封神臺、亂藤林西方、瀰煙山道
食人巨猿,猢猻嶺、巨猿洞窟
蠍子王,飛仙岩、亂藤林東方、摘星嶺、河西谷地
劍齒鱷,葬日沼澤、葬日沼澤北方
冤魂,猛鬼窟一層、猛鬼窟二層
毒血屍,猛鬼窟一層、猛鬼窟二層、萬人塚第二層
死靈弓手,魔君陵墓
搗藥兔,掩月松林
靈芝精,不老峰（33、53）（104、29）
人蔘精,不老峰（43、93）（184、71）
岩龜,塔干沙漠東方、塔干沙漠南方
跳鼠,塔干沙漠東方
士兵俑,古皇陵第一層、古皇陵第二層
五毒蜈蚣,葬日沼澤南方(176.22
食人巨蟒,河西谷地、葬日沼澤(78.111)、葬日沼澤南方(52.82、182.75
鬼螯蝦兵,桃花林東方、桃花林南方
巨角龜,桃花林東方
虎鬥士,掩月松林、瀰煙山道
妖狸射手,不老峰、桃花林、桃花林東方
紫靈貂,貝爾草原、呼倫草原、亂石林
沙漠巨蟒,塔干沙漠南方
食人虎,封神臺、八達嶺、亂藤林西方、偃月松林
綠毛狂猿,碧波幽谷、巨猿洞窟第二層、亂藤林東方
妖面蜘蛛,百妖穴第一層、百妖穴第二層
食人巨鱷,葬日沼澤北方
金石怪,碧波谷徑、入雲道
老樹精,碧波谷徑、亂藤林
惡水鬼,映月泊、萬人塚第三層、葬日沼澤北方
邪火妖,萬人塚第三層、葬日沼澤北方
花精,亂藤林、亂藤林南方、葬日沼澤
覓蜜熊,桃花林、桃花林西方
海魅,東方海域
林魅,桃花林西方、掩月松林
山魅,瀰煙山道、半天岩（晚上）
蒼狼,貝爾草原、呼倫草原
白鹿,貝爾草原、呼倫草原
小蕈傘人,蕈菇林東方
小火蕈傘人,蕈菇林東方
小冰蕈傘人,蕈菇林東方
力士俑,古皇陵第二層、古皇陵第三層
{力士俑},皇陵密室
{百草狐郎中},不老峰、瀰煙山道、半天岩（晚上）
{老樹精},不老峰、瀰煙山道
<老樹精>,不老峰、瀰煙山道
[吸血殭屍],猛鬼窟第二層、萬人塚第三層
[千年蟾蜍精],百妖穴第二層
[蜘蛛精],百妖穴第一層、百妖穴第二層
[蛇魔女],盤蛇洞
[女王蜂],桃花林、桃花林西方、桃花林南方
[兔仙人],桃花林、東方(50.125、186.123)、西方、掩月松林【擊殺飛毛兔、搗藥兔】機率現身
[虎霸王],掩月松林（戌時-卯時）
[九尾狐],半天岩、瀰煙山道【戌時-卯時擊殺百草狐郎中】機率現身
[隱者狸仙],桃花林、桃花林東方【擊殺小妖狸、妖狸射手】機率現身
[千年靈芝精],不老峰、掩月松林【擊殺千年樹精】機率現身
[千年蔘精],不老峰、掩月松林【擊殺千年樹精】機率現身
[獵鷹],塞北草原、呼倫草原、貝爾草原
[黑豹],亂石林、黑城遺跡
[巨禿鷹],塔干沙漠東方、塔干沙漠西方
[飛毛跳鼠],塔干沙漠東方、塔干沙漠西方
[熊武者],不老峰、桃花林西方（戌時-卯時）
[鳳凰],棲鳳崖
[嘯地幼犀],蕈菇林東方、晶湖水道
[傘鬼],長野沙濱、八荒古墓
[白骨精],猛鬼窟第二層、萬人塚第二層
[將軍俑],古皇陵第三層
[千年樹精],葬日沼澤、葬日沼澤北方、千佛遺跡東側
[千年花精],亂藤林南方、葬日沼澤北方
[天山食人虎],天山冰池
[天山巨猿],天山冰池
[草原戰士],呼倫草原、貝爾草原、大汗陵墓
[疾風戰士],呼倫草原、貝爾草原、大汗陵墓
[銅石龜],樓蘭遺址（213、15--144、15)
[神行跳鼠],塔干沙漠西方、萬佛窟
[嘯地巨犀],地下水道、晶湖水道
[火蕈傘人],蕈菇林東方、晶湖水道
[冰蕈傘人],蕈菇林東方、晶湖水道
[毒蕈傘人],蕈菇林東方、晶湖水道
[激雷鐮鼬],長野沙濱、葉隱蒼林、天照不二峰
[鬼河童],葉隱蒼林
[晶石怪],侏人部落、晶湖水道
[魅亂傘鬼],內崎埠原
[黑天妖魔],萬佛窟
[冰執鐮鼬],十津原樹海、內崎埠原、外崎埠原
[天狗],天照不二峰
[密林妖禽],千佛遺跡東側、千佛遺跡西側
[巨錘猴精],千佛遺跡東側、千佛遺跡西側
[沼地巨蛇],千佛遺跡西側
[血瘤眼],恨生不歸途、三途之都
[白靈石獅],恨生不歸途、三途之都、枉死之城
[惡鬼],八荒古墓、內崎埠原
[叢林野象],千佛遺跡西側
[劍刺傘鬼],八荒古墓
[鴉天狗],八荒古墓、天照不二峰
[拔山象妖],摩羅國境
[火雲麒麟],烈火修煉場
[蠱毒麒麟],瘴癘修煉場
[怒雪麒麟],怒雪修煉場
[地煞],神兵塚
[三途棺差],恨生不歸途、三途之都、枉死之城
[索命牛頭],九曲邪徑
[追魂馬面],九曲邪徑
[拘魂白無常],悲歡渡口、永劫刑場、九曲邪徑
[提刑黑無常],悲歡渡口、永劫刑場、九曲邪徑
[雪峰野人],登天棧道、懸空仙嶺、青藏高原
[藏地氂牛],登天棧道、懸空仙嶺、青藏高原
[幽谷翔龍],登天棧道、懸空仙嶺、青藏高原、大梵聖湖
[輪迴外邪],懸空仙嶺、青藏高原、大梵聖湖、萬岳聖峰
[半身虎人],黃塵荒漠、聖域之門、飛簷頂徑
[駱駝],黃塵荒漠、聖域之門
[焚怒之火],飛簷頂徑、波斯西市、法誡參道
[騰湧之水],飛簷頂徑、波斯西市、法誡參道
[巨憾之土],清教院街、波斯西市
[嘯狂之風],清教院街、波斯西市、飛簷頂徑
滅世非我 ,神兵塚
幻雷妖煞,神兵塚
八歧大蛇,天照不二峰
鬼嶽將軍,伊取川大陣
天邪魎王,伊取川大陣
天王道主宰,六滅血宮
六滅邪王,六滅血宮
魔人贊毗拉禔,濕婆神廟
破壞神濕婆,濕婆神廟
傾天絕邪,寒愴冰獄
真‧傾天絕邪,寒愴冰獄
燬天女魔后,聖禱天廳
聖帝君士坦汀,聖禱天廳
飛雲大將軍,神州武冠台
拉‧荷魯斯,荷魯斯聖祠
漢京御劍左護院 ,漢京首府
 漢京御劍右護院,漢京首府
紅夜叉,漢京首府
虛還西楚霸王,漢京首府
玉旭神龍,鷗揚浪嶼
始祖劾龍王,始祖巨林
太淵巨咒龜,王統新市
